{"cameraMode":{"drawMode":0,"name":"Shaded","section":"Shading Mode"},"sceneLighting":false,"audioPlay":false,"sceneViewState":{"m_AlwaysRefresh":false,"showFog":true,"showSkybox":false,"showFlares":true,"showImageEffects":true,"showParticleSystems":true,"showVisualEffectGraphs":true,"m_FxEnabled":true},"in2DMode":false,"pivot":{"x":-0.005836993455886841,"y":0.16639147698879243,"z":-0.00241069495677948},"rotation":{"x":0.06626076996326447,"y":0.004485730547457933,"z":-0.0002956936659757048,"w":0.9977961182594299},"size":0.28225958347320559,"orthographic":false}