{"cameraMode":{"drawMode":0,"name":"Shaded","section":"Shading Mode"},"sceneLighting":false,"audioPlay":false,"sceneViewState":{"m_AlwaysRefresh":false,"showFog":true,"showSkybox":false,"showFlares":true,"showImageEffects":true,"showParticleSystems":true,"showVisualEffectGraphs":true,"m_FxEnabled":true},"in2DMode":false,"pivot":{"x":-0.13196396827697755,"y":2.5515432357788088,"z":-0.4229874610900879},"rotation":{"x":0.06626076996326447,"y":0.004485730547457933,"z":-0.0002956936659757048,"w":0.9977961182594299},"size":3.355559825897217,"orthographic":false}