{"cameraMode":{"drawMode":0,"name":"Shaded","section":"Shading Mode"},"sceneLighting":true,"audioPlay":false,"sceneViewState":{"m_AlwaysRefresh":false,"showFog":true,"showSkybox":true,"showFlares":true,"showImageEffects":true,"showParticleSystems":true,"showVisualEffectGraphs":true,"m_FxEnabled":true},"in2DMode":false,"pivot":{"x":14.177271842956543,"y":23.819232940673829,"z":75.91010284423828},"rotation":{"x":0.03030523471534252,"y":-0.000004511186944000656,"z":0.000002371882146690041,"w":0.9995452165603638},"size":73.8093032836914,"orthographic":false}