{"cameraMode":{"drawMode":0,"name":"Shaded","section":"Shading Mode"},"sceneLighting":false,"audioPlay":false,"sceneViewState":{"m_AlwaysRefresh":false,"showFog":true,"showSkybox":false,"showFlares":true,"showImageEffects":true,"showParticleSystems":true,"showVisualEffectGraphs":true,"m_FxEnabled":true},"in2DMode":false,"pivot":{"x":0.02180182933807373,"y":0.5940000414848328,"z":0.011941701173782349},"rotation":{"x":-0.3516366481781006,"y":0.06787654012441635,"z":-0.02557315118610859,"w":-0.933326244354248},"size":1.2181106805801392,"orthographic":false}