{"cameraMode":{"drawMode":0,"name":"Shaded","section":"Shading Mode"},"sceneLighting":false,"audioPlay":false,"sceneViewState":{"m_AlwaysRefresh":false,"showFog":true,"showSkybox":false,"showFlares":true,"showImageEffects":true,"showParticleSystems":true,"showVisualEffectGraphs":true,"m_FxEnabled":true},"in2DMode":false,"pivot":{"x":0.05595703423023224,"y":0.1472359597682953,"z":0.0016519427299499512},"rotation":{"x":-0.3516366481781006,"y":0.06787654012441635,"z":-0.02557315118610859,"w":-0.933326244354248},"size":0.2654922604560852,"orthographic":false}